slope_id,road,ic_from,ic_to,direction,kp_from,kp_to,kp_center,length_m,tiers,lat,lon
NORI_0001,新東名高速道路,新静岡,藤枝岡部,上下線共有,120.767,120.79,120.77850000000001,23.0,3,35.04153601970493,138.3779355022633
NORI_0002,新東名高速道路,新静岡,藤枝岡部,上り線,120.837,120.865,120.851,28.0,4,35.04131549175775,138.37713171218414
NORI_0003,新東名高速道路,新静岡,藤枝岡部,上下線共有,120.855,120.904,120.87950000000001,49.0,6,35.04122880146127,138.37681573953233
NORI_0004,新東名高速道路,新静岡,藤枝岡部,上下線共有,120.832,120.948,120.88999999999999,116.0,1,35.04119686293099,138.37669932855533
NORI_0005,新東名高速道路,新静岡,藤枝岡部,上り線,121.062,121.115,121.0885,53.0,6,35.04049685762602,138.3745439284439
NORI_0006,新東名高速道路,新静岡,藤枝岡部,下り線,121.035,121.17,121.10249999999999,135.0,5,35.040443106438694,138.3743939737342
NORI_0007,新東名高速道路,新静岡,藤枝岡部,上り線,121.11,121.154,121.132,44.0,4,35.04032984500825,138.37407799773868
NORI_0008,新東名高速道路,新静岡,藤枝岡部,下り線,121.182,121.256,121.219,74.0,3,35.039974199177756,138.37315879030766
NORI_0009,新東名高速道路,新静岡,藤枝岡部,上り線,121.172,121.297,121.2345,125.0,10,35.03990557542855,138.37299810292316
NORI_0010,新東名高速道路,新静岡,藤枝岡部,上下線共有,121.297,121.324,121.31049999999999,27.0,5,35.03956909769048,138.37221021639263
NORI_0011,新東名高速道路,新静岡,藤枝岡部,上り線,121.369,121.473,121.42099999999999,104.0,7,35.03907987676869,138.37106467084496
NORI_0012,新東名高速道路,新静岡,藤枝岡部,上下線共有,121.463,121.496,121.4795,33.0,3,35.038791510019124,138.37047892064982
NORI_0013,新東名高速道路,新静岡,藤枝岡部,下り線,121.554,121.696,121.625,142.0,1,35.03804402518777,138.3690434029704
NORI_0014,新東名高速道路,新静岡,藤枝岡部,上り線,121.546,121.876,121.71100000000001,330.0,16,35.03757058578769,138.36822250097157
NORI_0015,新東名高速道路,新静岡,藤枝岡部,下り線,121.722,121.901,121.8115,179.0,4,35.03697045096365,138.36730406863757
NORI_0016,新東名高速道路,新静岡,藤枝岡部,下り線,122.182,122.224,122.203,42.0,1,35.03445534879808,138.36391853746673
NORI_0017,新東名高速道路,新静岡,藤枝岡部,下り線,122.256,122.414,122.33500000000001,158.0,7,35.03349365256452,138.36291738702872
NORI_0018,新東名高速道路,新静岡,藤枝岡部,上り線,122.291,122.456,122.3735,165.0,6,35.033213157829735,138.36262538481762
NORI_0019,新東名高速道路,新静岡,藤枝岡部,上り線,122.458,122.765,122.6115,307.0,10,35.0314471636748,138.36086753016366
NORI_0020,新東名高速道路,新静岡,藤枝岡部,下り線,122.568,122.678,122.62299999999999,110.0,5,35.031361410564266,138.36078321360097
NORI_0021,新東名高速道路,新静岡,藤枝岡部,下り線,122.692,122.896,122.794,204.0,5,35.03008629909459,138.359529462973
NORI_0022,新東名高速道路,新静岡,藤枝岡部,上り線,122.765,122.906,122.8355,141.0,5,35.02977506123272,138.35922794043486
NORI_0023,新東名高速道路,新静岡,藤枝岡部,上下線共有,122.879,123.118,122.9985,239.0,7,35.02854415928887,138.35805669536603
NORI_0024,新東名高速道路,新静岡,藤枝岡部,下り線,123.481,123.638,123.5595,157.0,2,35.024710734196795,138.3534840560968
NORI_0025,新東名高速道路,新静岡,藤枝岡部,下り線,123.841,124.162,124.0015,321.0,8,35.02224319768839,138.3492950521924
NORI_0026,新東名高速道路,新静岡,藤枝岡部,上下線共有,123.939,124.074,124.00649999999999,135.0,1,35.02221956242361,138.34924422531267
NORI_0027,新東名高速道路,新静岡,藤枝岡部,上り線,123.944,124.205,124.0745,261.0,1,35.02189812282253,138.34855297974866
NORI_0028,新東名高速道路,新静岡,藤枝岡部,上下線共有,124.146,124.205,124.1755,59.0,1,35.02142069047386,138.34752627677858
NORI_0029,新東名高速道路,新静岡,藤枝岡部,上下線共有,125.43,125.457,125.4435,27.0,5,35.01600490482661,138.33427029080855
NORI_0030,新東名高速道路,新静岡,藤枝岡部,上下線共有,125.464,125.501,125.4825,37.0,1,35.01585147526209,138.33385468581193
NORI_0031,新東名高速道路,新静岡,藤枝岡部,下り線,126.498,126.525,126.51150000000001,27.0,3,35.01215300469446,138.3227096530047
NORI_0032,新東名高速道路,新静岡,藤枝岡部,上り線,126.488,126.524,126.506,36.0,3,35.01217364212423,138.32276879627
NORI_0033,新東名高速道路,新静岡,藤枝岡部,下り線,126.721,126.794,126.7575,73.0,3,35.01116615059851,138.32010265122454
NORI_0034,新東名高速道路,新静岡,藤枝岡部,上り線,126.714,126.734,126.72399999999999,20.0,5,35.011323049257086,138.3204441509611
NORI_0035,新東名高速道路,新静岡,藤枝岡部,上り線,127.074,127.122,127.098,48.0,2,35.00953501046104,138.31665748444215
NORI_0036,新東名高速道路,新静岡,藤枝岡部,上り線,127.09,127.258,127.174,168.0,3,35.00910616946304,138.31594016708937
NORI_0037,新東名高速道路,新静岡,藤枝岡部,上り線,127.089,127.265,127.17699999999999,176.0,1,35.00908910653684,138.3159119622812
NORI_0038,新東名高速道路,新静岡,藤枝岡部,上り線,127.256,127.368,127.312,112.0,2,35.008321274858154,138.31464274591383
NORI_0039,新東名高速道路,新静岡,藤枝岡部,上り線,127.293,127.353,127.32300000000001,60.0,1,35.008258710795445,138.3145393282839
NORI_0040,新東名高速道路,新静岡,藤枝岡部,下り線,127.491,127.511,127.501,20.0,1,35.00720219393817,138.31290724679613
NORI_0041,新東名高速道路,新静岡,藤枝岡部,下り線,127.546,127.606,127.576,60.0,4,35.00675415486578,138.31222227254827
NORI_0042,新東名高速道路,新静岡,藤枝岡部,上り線,127.591,127.736,127.6635,145.0,5,35.006231442614656,138.3114231359258
NORI_0043,新東名高速道路,新静岡,藤枝岡部,上下線共有,127.611,127.709,127.66,98.0,5,35.0062523511047,138.3114551013907
NORI_0044,新東名高速道路,新静岡,藤枝岡部,上り線,127.703,127.766,127.7345,63.0,3,35.005766692152974,138.31081906056502
NORI_0045,新東名高速道路,新静岡,藤枝岡部,上り線,127.704,127.722,127.713,18.0,1,35.00591230299951,138.31099665668185
NORI_0046,新東名高速道路,新静岡,藤枝岡部,上り線,127.733,127.79,127.76150000000001,57.0,1,35.005583832020115,138.31059603288344
NORI_0047,新東名高速道路,新静岡,藤枝岡部,上り線,127.898,127.928,127.913,30.0,1,35.004557783496836,138.3093445997812
NORI_0048,新東名高速道路,新静岡,藤枝岡部,下り線,127.872,127.923,127.89750000000001,51.0,2,35.00466275875829,138.30947263419102
NORI_0049,新東名高速道路,新静岡,藤枝岡部,上り線,127.934,128.004,127.969,70.0,2,35.004178518036085,138.30888202384904
NORI_0050,新東名高速道路,新静岡,藤枝岡部,上下線共有,127.909,127.991,127.95,82.0,1,35.00430719738884,138.3090389692546
NORI_0051,新東名高速道路,新静岡,藤枝岡部,下り線,128.698,128.959,128.82850000000002,261.0,1,34.99762559685894,138.3028580863584
NORI_0052,新東名高速道路,新静岡,藤枝岡部,下り線,128.766,129.066,128.916,300.0,10,34.996890120423096,138.30236865798244
NORI_0053,新東名高速道路,新静岡,藤枝岡部,下り線,128.758,129.113,128.9355,355.0,4,34.99672621424596,138.30225958537292
NORI_0054,新東名高速道路,新静岡,藤枝岡部,上り線,128.988,129.025,129.00650000000002,37.0,1,34.996129427652306,138.301862449205
NORI_0055,新東名高速道路,新静岡,藤枝岡部,上下線共有,129.674,129.84,129.757,166.0,2,34.98962411085854,138.2981529049348
NORI_0056,新東名高速道路,新静岡,藤枝岡部,上り線,129.78,129.865,129.8225,85.0,3,34.98904104824554,138.29787130193904
NORI_0057,新東名高速道路,新静岡,藤枝岡部,下り線,129.804,129.949,129.87650000000002,145.0,11,34.98856035540428,138.29763914069062
NORI_0058,新東名高速道路,新静岡,藤枝岡部,下り線,129.929,129.963,129.946,34.0,1,34.987941685914144,138.29734034056534
NORI_0059,新東名高速道路,新静岡,藤枝岡部,下り線,129.968,129.989,129.9785,21.0,1,34.98765238003746,138.29720061388807
NORI_0060,新東名高速道路,新静岡,藤枝岡部,下り線,130.072,130.126,130.099,54.0,6,34.986579722863915,138.2966825503615
NORI_0061,新東名高速道路,新静岡,藤枝岡部,下り線,130.216,130.408,130.312,192.0,9,34.984655385107246,138.29586389023967
NORI_0062,新東名高速道路,新静岡,藤枝岡部,上り線,130.234,130.377,130.3055,143.0,1,34.984714714254814,138.29588679442745
NORI_0063,新東名高速道路,新静岡,藤枝岡部,上り線,130.377,130.586,130.4815,209.0,1,34.983098572739834,138.29530909819306
NORI_0064,新東名高速道路,新静岡,藤枝岡部,下り線,130.441,130.511,130.476,70.0,5,34.98314975567625,138.29532417698346
NORI_0065,新東名高速道路,新静岡,藤枝岡部,下り線,130.511,130.71,130.6105,199.0,6,34.98189810023124,138.29495543201833
NORI_0066,新東名高速道路,新静岡,藤枝岡部,上り線,130.586,130.626,130.606,40.0,1,34.981939977179216,138.29496776921047
NORI_0067,新東名高速道路,新静岡,藤枝岡部,上り線,130.681,130.926,130.80349999999999,245.0,15,34.980089610950444,138.29450066445588
NORI_0068,新東名高速道路,新静岡,藤枝岡部,下り線,130.71,130.915,130.8125,205.0,4,34.98000463330656,138.29448330892066
NORI_0069,新東名高速道路,新静岡,藤枝岡部,上り線,130.996,131.109,131.0525,113.0,10,34.977738443524494,138.29402140536536
NORI_0070,新東名高速道路,新静岡,藤枝岡部,上り線,131.145,131.264,131.2045,119.0,10,34.97629993748185,138.29375370010106
NORI_0071,新東名高速道路,新静岡,藤枝岡部,上下線共有,131.589,132.144,131.8665,555.0,1,34.97005768001081,138.2924215774788
NORI_0072,新東名高速道路,新静岡,藤枝岡部,上り線,131.609,132.142,131.8755,533.0,1,34.96997394589217,138.2923968073624
NORI_0073,新東名高速道路,新静岡,藤枝岡部,下り線,131.866,132.066,131.966,140.0,10,34.9691319528103,138.29214773008104
NORI_0074,新東名高速道路,新静岡,藤枝岡部,下り線,132.039,132.126,132.08249999999998,87.0,4,34.96804806116347,138.29182709468571
NORI_0075,新東名高速道路,新静岡,藤枝岡部,下り線,132.223,132.273,132.248,50.0,4,34.96652856411294,138.29128282095962
NORI_0076,新東名高速道路,新静岡,藤枝岡部,下り線,132.239,132.274,132.25650000000002,35.0,1,34.96645096729434,138.291252924488
NORI_0077,新東名高速道路,新静岡,藤枝岡部,上下線共有,132.231,132.286,132.2585,55.0,1,34.966432709219376,138.29124589002407
NORI_0078,新東名高速道路,新静岡,藤枝岡部,上下線共有,132.133,132.468,132.3005,335.0,5,34.96604928964512,138.29109816628184
NORI_0079,新東名高速道路,新静岡,藤枝岡部,上り線,132.36,132.402,132.381,42.0,4,34.96531440212781,138.29081502910927
NORI_0080,新東名高速道路,新静岡,藤枝岡部,下り線,132.378,132.535,132.4565,157.0,3,34.96463470809546,138.2905157029642
NORI_0081,新東名高速道路,新静岡,藤枝岡部,下り線,132.387,132.408,132.39749999999998,21.0,1,34.96516377300935,138.29075699478196
NORI_0082,新東名高速道路,新静岡,藤枝岡部,下り線,134.869,134.961,134.91500000000002,92.0,5,34.94275252215422,138.2799472034439
NORI_0083,新東名高速道路,新静岡,藤枝岡部,上り線,134.903,135.091,134.997,188.0,6,34.9420112824096,138.27963190935407
NORI_0084,新東名高速道路,新静岡,藤枝岡部,下り線,134.915,135.081,134.998,166.0,3,34.94200224290052,138.27962806430418
NORI_0085,新東名高速道路,新静岡,藤枝岡部,上り線,134.956,135.039,134.9975,83.0,1,34.94200676265506,138.27962998682912
NORI_0086,新東名高速道路,新静岡,藤枝岡部,上下線共有,135.12,135.463,135.29149999999998,343.0,2,34.939332495676894,138.27856032688337
NORI_0087,新東名高速道路,新静岡,藤枝岡部,下り線,135.307,135.399,135.353,92.0,6,34.93877176666463,138.27834137555476
NORI_0088,新東名高速道路,新静岡,藤枝岡部,上下線共有,135.484,135.716,135.60000000000002,232.0,2,34.93652086821456,138.27745772159693
NORI_0089,新東名高速道路,新静岡,藤枝岡部,下り線,135.516,135.955,135.7355,439.0,4,34.93529020312637,138.27695797579324
NORI_0090,新東名高速道路,新静岡,藤枝岡部,下り線,135.516,135.736,135.62599999999998,220.0,10,34.93628399105214,138.27736448054335
NORI_0091,新東名高速道路,新静岡,藤枝岡部,下り線,135.736,135.982,135.85899999999998,246.0,12,34.93417542828073,138.27647758719877
NORI_0092,新東名高速道路,新静岡,藤枝岡部,上り線,135.533,135.664,135.5985,131.0,4,34.9365345342047,138.2774631008885
NORI_0093,新東名高速道路,新静岡,藤枝岡部,上り線,135.674,135.691,135.6825,17.0,1,34.935769238756905,138.27716186056148
NORI_0094,新東名高速道路,新静岡,藤枝岡部,上り線,135.727,135.749,135.738,22.0,1,34.93526763683395,138.27694825132778
NORI_0095,新東名高速道路,新静岡,藤枝岡部,上下線共有,135.709,136.209,135.959,500.0,1,34.93327277658386,138.27608860857976
NORI_0096,新東名高速道路,新静岡,藤枝岡部,上り線,135.753,135.989,135.87099999999998,236.0,2,34.93406711007711,138.27643090976449
NORI_0097,新東名高速道路,新静岡,藤枝岡部,下り線,136.078,136.278,136.178,200.0,10,34.93129881047279,138.27522761782325
NORI_0098,新東名高速道路,新静岡,藤枝岡部,上り線,136.132,136.161,136.1465,29.0,2,34.931580304652236,138.2753592736691
NORI_0099,新東名高速道路,新静岡,藤枝岡部,上り線,136.18,136.207,136.1935,27.0,2,34.93116133766346,138.27515949295244
NORI_0100,新東名高速道路,新静岡,藤枝岡部,上り線,136.202,136.308,136.255,106.0,1,34.93061588103291,138.27488919104567
NORI_0101,新東名高速道路,新静岡,藤枝岡部,上り線,136.207,136.24,136.2235,33.0,1,34.930895261258314,138.27502763836378
NORI_0102,新東名高速道路,新静岡,藤枝岡部,上り線,136.298,136.333,136.3155,35.0,2,34.930079293615854,138.27462328429183
NORI_0103,新東名高速道路,新静岡,藤枝岡部,下り線,136.399,136.502,136.4505,103.0,5,34.92889750526701,138.27398939001878
NORI_0104,新東名高速道路,新静岡,藤枝岡部,上り線,136.42,136.506,136.463,86.0,1,34.92879188112297,138.27392078877057
NORI_0105,新東名高速道路,新静岡,藤枝岡部,下り線,136.475,136.534,136.5045,59.0,1,34.92844120896475,138.2736930326266
NORI_0106,新東名高速道路,新静岡,藤枝岡部,上り線,137.179,137.435,137.30700000000002,256.0,2,34.92196456250937,138.26868878624038
NORI_0107,新東名高速道路,新静岡,藤枝岡部,上り線,137.195,137.391,137.293,196.0,8,34.92207027902066,138.26878926101546
NORI_0108,新東名高速道路,新静岡,藤枝岡部,下り線,137.222,137.416,137.31900000000002,194.0,3,34.92187394835684,138.26860266500458
NORI_0109,新東名高速道路,新静岡,藤枝岡部,下り線,137.326,137.541,137.43349999999998,215.0,5,34.92100933831811,138.26778092487973
NORI_0110,新東名高速道路,新静岡,藤枝岡部,上り線,137.391,137.436,137.4135,45.0,2,34.92116036190566,138.26792446027272
NORI_0111,新東名高速道路,新静岡,藤枝岡部,上下線共有,137.528,137.582,137.555,54.0,2,34.92014660433182,138.26682953605754
NORI_0112,新東名高速道路,藤枝岡部,島田金谷,上り線,138.826,139.305,139.0655,479.0,3,34.910625485458645,138.25459422004727
NORI_0113,新東名高速道路,藤枝岡部,島田金谷,上り線,138.84,139.13,138.985,290.0,12,34.91115405315795,138.25517812923644
NORI_0114,新東名高速道路,藤枝岡部,島田金谷,上り線,139.123,139.177,139.14999999999998,54.0,4,34.91007065352584,138.25398129673687
NORI_0115,新東名高速道路,藤枝岡部,島田金谷,上り線,139.176,139.216,139.196,40.0,3,34.90976861484052,138.25364763434305
NORI_0116,新東名高速道路,藤枝岡部,島田金谷,上り線,139.215,139.516,139.3655,301.0,15,34.90860710402531,138.25248804733874
NORI_0117,新東名高速道路,藤枝岡部,島田金谷,下り線,139.21,139.481,139.34550000000002,271.0,7,34.90874596953083,138.25262226119185
NORI_0118,新東名高速道路,藤枝岡部,島田金谷,上り線,139.261,139.344,139.3025,83.0,1,34.90904453036768,138.25291082097607
NORI_0119,新東名高速道路,藤枝岡部,島田金谷,下り線,140.651,140.891,140.77100000000002,240.0,1,34.899217013527334,138.24254136748797
NORI_0120,新東名高速道路,藤枝岡部,島田金谷,下り線,141.751,142.066,141.9085,315.0,2,34.89314818254534,138.2327643473369
NORI_0121,新東名高速道路,藤枝岡部,島田金谷,上り線,141.801,142.121,141.961,320.0,5,34.89290630694837,138.2322799662586
NORI_0122,新東名高速道路,藤枝岡部,島田金谷,上り線,141.823,142.038,141.9305,215.0,3,34.893046825152325,138.23256136859933
NORI_0123,新東名高速道路,藤枝岡部,島田金谷,上り線,142.039,142.529,142.284,490.0,8,34.89155880802863,138.2292054262875
NORI_0124,新東名高速道路,藤枝岡部,島田金谷,下り線,142.138,142.478,142.308,340.0,3,34.891464284669965,138.2289732159457
NORI_0125,新東名高速道路,藤枝岡部,島田金谷,下り線,142.176,142.383,142.27949999999998,207.0,7,34.89157653115838,138.2292489657266
NORI_0126,新東名高速道路,藤枝岡部,島田金谷,上下線共有,142.16,142.462,142.31099999999998,302.0,1,34.89145246925013,138.228944189653
NORI_0127,新東名高速道路,藤枝岡部,島田金谷,下り線,142.34,142.5,142.42000000000002,160.0,4,34.89102317566287,138.22788956768397
NORI_0128,新東名高速道路,藤枝岡部,島田金谷,下り線,142.576,142.678,142.627,102.0,3,34.89020791169441,138.22588675348592
NORI_0129,新東名高速道路,藤枝岡部,島田金谷,下り線,142.697,142.805,142.751,108.0,5,34.889733849205385,138.2246787356201
NORI_0130,新東名高速道路,藤枝岡部,島田金谷,上下線共有,142.822,142.857,142.8395,35.0,1,34.88941029791654,138.22380801787548
NORI_0131,新東名高速道路,藤枝岡部,島田金谷,下り線,142.845,142.966,142.90550000000002,121.0,9,34.88916900542994,138.22315866904896
NORI_0132,新東名高速道路,藤枝岡部,島田金谷,下り線,142.991,143.061,143.026,70.0,1,34.888728463844565,138.22197311550966
NORI_0133,新東名高速道路,藤枝岡部,島田金谷,下り線,143.053,143.091,143.072,38.0,2,34.8885602902933,138.22152053905484
NORI_0134,新東名高速道路,藤枝岡部,島田金谷,上り線,143.057,143.107,143.082,50.0,4,34.88852373082564,138.221422152869
NORI_0135,新東名高速道路,藤枝岡部,島田金谷,下り線,143.513,143.534,143.5235,21.0,3,34.88711750152122,138.21697294558177
NORI_0136,新東名高速道路,藤枝岡部,島田金谷,上り線,143.468,143.499,143.4835,31.0,3,34.8872436127691,138.21737670096036
NORI_0137,新東名高速道路,藤枝岡部,島田金谷,下り線,143.988,144.052,144.01999999999998,64.0,1,34.885763660482056,138.21187185244946
NORI_0138,新東名高速道路,藤枝岡部,島田金谷,下り線,144.026,144.056,144.041,30.0,1,34.88570782657348,138.21165549203576
NORI_0139,新東名高速道路,藤枝岡部,島田金谷,上下線共有,144.147,144.362,144.2545,215.0,5,34.88514223688676,138.20945507676845
NORI_0140,新東名高速道路,藤枝岡部,島田金谷,下り線,144.553,144.604,144.57850000000002,51.0,3,34.88435213015868,138.20609087537153
NORI_0141,新東名高速道路,藤枝岡部,島田金谷,上り線,144.565,144.596,144.5805,31.0,3,34.88434725295666,138.20607010869622
NORI_0142,新東名高速道路,藤枝岡部,島田金谷,下り線,144.623,144.661,144.642,38.0,4,34.88419322101784,138.2054329777543
NORI_0143,新東名高速道路,藤枝岡部,島田金谷,上り線,144.618,144.673,144.6455,55.0,1,34.88418444823236,138.2053967206688
NORI_0144,新東名高速道路,藤枝岡部,島田金谷,上り線,144.626,144.687,144.6565,61.0,1,34.88415687662087,138.20528276982859
NORI_0145,新東名高速道路,藤枝岡部,島田金谷,上り線,144.64,144.661,144.6505,21.0,1,34.884171915681684,138.20534492483233
NORI_0146,新東名高速道路,藤枝岡部,島田金谷,上り線,144.67,144.714,144.692,44.0,3,34.884067895511045,138.20491501938972
NORI_0147,新東名高速道路,藤枝岡部,島田金谷,下り線,147.239,147.332,147.2855,93.0,6,34.87597295856229,138.1787436503149
NORI_0148,新東名高速道路,藤枝岡部,島田金谷,上り線,147.306,147.346,147.32600000000002,40.0,3,34.8758254096062,138.17834496414986
NORI_0149,新東名高速道路,藤枝岡部,島田金谷,下り線,147.546,147.622,147.584,76.0,3,34.874867343256426,138.17581533200135
NORI_0150,新東名高速道路,藤枝岡部,島田金谷,上り線,147.597,147.633,147.615,36.0,2,34.87475155171816,138.1755117618427
NORI_0151,新東名高速道路,藤枝岡部,島田金谷,上下線共有,147.959,148.018,147.9885,59.0,5,34.8733522491857,138.17185666582833
NORI_0152,新東名高速道路,藤枝岡部,島田金谷,上下線共有,148.008,148.059,148.0335,51.0,3,34.873183550396554,138.17141635547517
NORI_0153,新東名高速道路,藤枝岡部,島田金谷,下り線,148.002,148.076,148.039,74.0,1,34.873162931655656,138.17136253976537
NORI_0154,新東名高速道路,藤枝岡部,島田金谷,上り線,148.072,148.143,148.10750000000002,71.0,3,34.87290440580378,138.17069329869858
NORI_0155,新東名高速道路,藤枝岡部,島田金谷,下り線,148.31,148.349,148.3295,39.0,4,34.872040788507505,138.1685394121922
NORI_0156,新東名高速道路,藤枝岡部,島田金谷,上り線,148.339,148.37,148.3545,31.0,3,34.871943534307476,138.16829685740544
NORI_0157,新東名高速道路,藤枝岡部,島田金谷,上り線,148.707,148.728,148.7175,21.0,1,34.87044020482061,138.1648331285936
NORI_0158,新東名高速道路,藤枝岡部,島田金谷,上下線共有,148.705,148.796,148.7505,91.0,7,34.8702977168076,138.16452195725222
NORI_0159,新東名高速道路,藤枝岡部,島田金谷,上り線,148.811,148.827,148.81900000000002,16.0,1,34.87000194623513,138.16387604098296
NORI_0160,新東名高速道路,藤枝岡部,島田金谷,下り線,148.833,148.93,148.88150000000002,97.0,2,34.869724809461886,138.16329208401652
NORI_0161,新東名高速道路,藤枝岡部,島田金谷,上り線,148.869,148.933,148.901,64.0,3,34.86962985294681,138.16311617261726
NORI_0162,新東名高速道路,藤枝岡部,島田金谷,下り線,150.162,150.232,150.197,70.0,4,34.86288085116975,138.15180169978638
NORI_0163,新東名高速道路,藤枝岡部,島田金谷,上り線,150.205,150.258,150.2315,53.0,3,34.862695224281495,138.15150573961284
NORI_0164,新東名高速道路,藤枝岡部,島田金谷,上り線,150.208,150.246,150.227,38.0,1,34.86271943648431,138.15154434311376
NORI_0165,新東名高速道路,藤枝岡部,島田金谷,下り線,150.277,150.296,150.2865,19.0,2,34.86240548924268,138.15102830868287
NORI_0166,新東名高速道路,藤枝岡部,島田金谷,上り線,150.292,150.316,150.304,24.0,2,34.86231447020592,138.1508753392815
NORI_0167,新東名高速道路,藤枝岡部,島田金谷,上り線,150.311,150.333,150.322,22.0,2,34.86222085062525,138.15071799932582
NORI_0168,新東名高速道路,藤枝岡部,島田金谷,上り線,150.65,150.67,150.66,20.0,1,34.86046947397058,138.14775798652337
NORI_0169,新東名高速道路,藤枝岡部,島田金谷,下り線,150.654,150.68,150.667,26.0,1,34.86043564336566,138.14769464126232
NORI_0170,新東名高速道路,藤枝岡部,島田金谷,上り線,150.664,150.778,150.721,114.0,5,34.8601746644134,138.14720597782002
NORI_0171,新東名高速道路,藤枝岡部,島田金谷,上り線,150.778,150.878,150.82799999999997,100.0,4,34.85965753945243,138.14623770025838
NORI_0172,新東名高速道路,藤枝岡部,島田金谷,上り線,151.004,151.314,151.159,310.0,11,34.85817028540337,138.143158781754
NORI_0173,新東名高速道路,藤枝岡部,島田金谷,下り線,151.071,151.246,151.1585,175.0,7,34.85817248205584,138.14316346982346
NORI_0174,新東名高速道路,藤枝岡部,島田金谷,上り線,151.119,151.341,151.23000000000002,222.0,1,34.8578857992316,138.1424752567508
NORI_0175,新東名高速道路,藤枝岡部,島田金谷,下り線,151.246,151.424,151.335,178.0,6,34.85747215062598,138.14145981825618
NORI_0176,新東名高速道路,藤枝岡部,島田金谷,下り線,152.326,152.571,152.4485,245.0,2,34.85367404990005,138.13036952993966
NORI_0177,新東名高速道路,藤枝岡部,島田金谷,上り線,152.374,152.674,152.524,300.0,2,34.853403692235176,138.12962412734504
NORI_0178,新東名高速道路,藤枝岡部,島田金谷,下り線,152.586,152.76,152.673,174.0,3,34.85285810590762,138.12815928620424
NORI_0179,新東名高速道路,島田金谷,森掛川,上り線,154.042,154.073,154.0575,31.0,1,34.84736739675447,138.1147292306087
NORI_0180,新東名高速道路,島田金谷,森掛川,上り線,154.106,154.428,154.267,322.0,7,34.8468057344006,138.11255080989523
NORI_0181,新東名高速道路,島田金谷,森掛川,下り線,154.114,154.294,154.204,180.0,1,34.84696468914307,138.1132101962875
NORI_0182,新東名高速道路,島田金谷,森掛川,上り線,154.163,154.374,154.26850000000002,211.0,9,34.84680194976387,138.11253511021923
NORI_0183,新東名高速道路,島田金谷,森掛川,下り線,154.449,154.568,154.50850000000003,119.0,1,34.84621343847643,138.11001763973934
NORI_0184,新東名高速道路,島田金谷,森掛川,上り線,154.457,154.584,154.5205,127.0,4,34.84618844497285,138.10989032908049
NORI_0185,新東名高速道路,島田金谷,森掛川,上り線,155.068,155.422,155.245,354.0,1,34.845399,138.10207593633356
NORI_0186,新東名高速道路,島田金谷,森掛川,上下線共有,155.073,155.109,155.091,36.0,1,34.845399,138.10375583871883
NORI_0187,新東名高速道路,島田金谷,森掛川,上下線共有,155.162,155.236,155.199,74.0,1,34.845399,138.10257772535775
NORI_0188,新東名高速道路,島田金谷,森掛川,下り線,155.266,155.405,155.3355,139.0,7,34.845399,138.1010887209708
NORI_0189,新東名高速道路,島田金谷,森掛川,下り線,155.463,155.529,155.49599999999998,66.0,2,34.845399,138.09933791361473
NORI_0190,新東名高速道路,島田金谷,森掛川,上下線共有,155.527,155.559,155.543,32.0,1,34.845399,138.09882521613352
NORI_0191,新東名高速道路,島田金谷,森掛川,下り線,159.866,159.907,159.8865,41.0,2,34.842556300671205,138.05187200706607
NORI_0192,新東名高速道路,島田金谷,森掛川,上り線,159.882,159.934,159.90800000000002,52.0,2,34.84250866962053,138.05164479219545
NORI_0193,新東名高速道路,島田金谷,森掛川,下り線,159.924,160.011,159.9675,87.0,3,34.842379656795224,138.0510150867386
NORI_0194,新東名高速道路,島田金谷,森掛川,下り線,159.938,160.362,160.14999999999998,424.0,2,34.84196794800204,138.04908880192795
NORI_0195,新東名高速道路,島田金谷,森掛川,上り線,159.946,160.368,160.15699999999998,422.0,1,34.841951060788254,138.0490152707602
NORI_0196,新東名高速道路,島田金谷,森掛川,上り線,159.973,160.22,160.0965,247.0,11,34.842097014564565,138.04965079013843
NORI_0197,新東名高速道路,島田金谷,森掛川,下り線,160.011,160.137,160.074,126.0,5,34.84214873467934,138.04988796688724
NORI_0198,新東名高速道路,島田金谷,森掛川,下り線,160.137,160.292,160.2145,155.0,6,34.84181234438928,138.0484112647396
NORI_0199,新東名高速道路,島田金谷,森掛川,上り線,160.22,160.363,160.29149999999998,143.0,6,34.841626585037616,138.04760242189457
NORI_0200,新東名高速道路,島田金谷,森掛川,下り線,160.36,160.408,160.38400000000001,48.0,4,34.841403432569706,138.0466307600353
NORI_0201,新東名高速道路,島田金谷,森掛川,上り線,160.41,160.785,160.5975,375.0,1,34.840939026042456,138.04437266091233
NORI_0202,新東名高速道路,島田金谷,森掛川,上下線共有,160.42,160.748,160.584,348.0,1,34.84096498562034,138.04451648002185
NORI_0203,新東名高速道路,島田金谷,森掛川,下り線,160.466,160.501,160.4835,35.0,3,34.84116339288801,138.04558556700832
NORI_0204,新東名高速道路,島田金谷,森掛川,上下線共有,160.913,161.078,160.9955,165.0,1,34.84036990634156,138.0400918098282
NORI_0205,新東名高速道路,島田金谷,森掛川,上り線,160.967,161.055,161.01100000000002,88.0,8,34.84035300191428,138.03992399816988
NORI_0206,新東名高速道路,島田金谷,森掛川,上り線,161.084,161.17,161.127,86.0,7,34.84023560218313,138.03866713436676
NORI_0207,新東名高速道路,島田金谷,森掛川,上り線,161.17,161.52,161.345,350.0,1,34.84012906098366,138.03629278763574
NORI_0208,新東名高速道路,島田金谷,森掛川,上り線,161.17,161.37,161.26999999999998,200.0,9,34.84016571506604,138.03710965004322
NORI_0209,新東名高速道路,島田金谷,森掛川,下り線,161.178,161.468,161.32299999999998,290.0,1,34.84013981284782,138.0365324006086
NORI_0210,新東名高速道路,島田金谷,森掛川,上り線,161.264,161.564,161.414,300.0,1,34.84009645727686,138.0355412627623
NORI_0211,新東名高速道路,島田金谷,森掛川,下り線,161.276,161.582,161.429,306.0,1,34.84010153045183,138.03537776315568
NORI_0212,新東名高速道路,島田金谷,森掛川,上り線,161.37,161.622,161.496,252.0,9,34.8401241906334,138.03464746491284
NORI_0213,新東名高速道路,島田金谷,森掛川,上下線共有,161.691,161.758,161.7245,67.0,1,34.840224451824604,138.03215878550822
NORI_0214,新東名高速道路,島田金谷,森掛川,上下線共有,161.821,161.898,161.8595,77.0,1,34.84034799239009,138.03069394737463
NORI_0215,新東名高速道路,島田金谷,森掛川,上り線,161.807,161.864,161.8355,57.0,3,34.840326029622894,138.0309543630428
NORI_0216,新東名高速道路,島田金谷,森掛川,上下線共有,161.904,162.159,162.0315,255.0,8,34.84050539222167,138.0288276350859
NORI_0217,新東名高速道路,島田金谷,森掛川,下り線,162.547,162.567,162.55700000000002,20.0,2,34.841465576600704,138.0232260131127
NORI_0218,新東名高速道路,島田金谷,森掛川,上り線,162.547,162.559,162.553,12.0,1,34.841455524671424,138.0232678906585
NORI_0219,新東名高速道路,島田金谷,森掛川,上り線,162.611,162.658,162.6345,47.0,2,34.84166033273057,138.0224146356624
NORI_0220,新東名高速道路,島田金谷,森掛川,下り線,162.633,162.783,162.708,150.0,3,34.84184503693115,138.0216451357579
NORI_0221,新東名高速道路,島田金谷,森掛川,上下線共有,162.653,162.793,162.723,140.0,2,34.841882731665955,138.02148809496106
NORI_0222,新東名高速道路,島田金谷,森掛川,上り線,162.658,162.779,162.7185,121.0,8,34.841871423245514,138.02153520720012
NORI_0223,新東名高速道路,島田金谷,森掛川,上り線,162.802,162.888,162.845,86.0,6,34.84219010887634,138.02021110050828
NORI_0224,新東名高速道路,島田金谷,森掛川,下り線,162.833,162.946,162.8895,113.0,2,34.842302272250755,138.01974532733766
NORI_0225,新東名高速道路,島田金谷,森掛川,上下線共有,162.859,162.938,162.8985,79.0,2,34.84232495697816,138.01965112602227
NORI_0226,新東名高速道路,島田金谷,森掛川,下り線,162.969,162.983,162.976,14.0,2,34.84252029768641,138.01883994802853
NORI_0227,新東名高速道路,島田金谷,森掛川,上り線,162.922,162.945,162.93349999999998,23.0,2,34.84241317536253,138.0192847875735
NORI_0228,新東名高速道路,島田金谷,森掛川,上り線,163.638,163.717,163.6775,79.0,3,34.843882548445094,138.01138343885833
NORI_0229,新東名高速道路,島田金谷,森掛川,下り線,163.647,163.682,163.66449999999998,35.0,1,34.84387259761633,138.0115247269955
NORI_0230,新東名高速道路,島田金谷,森掛川,下り線,163.71,163.899,163.80450000000002,189.0,3,34.84397976038765,138.0100031624412
NORI_0231,新東名高速道路,島田金谷,森掛川,上り線,163.71,163.97,163.84,260.0,7,34.84400693380466,138.00961733714348
NORI_0232,新東名高速道路,島田金谷,森掛川,上り線,163.725,163.858,163.79149999999998,133.0,1,34.84396980955888,138.01014445057837
NORI_0233,新東名高速道路,島田金谷,森掛川,上り線,163.888,163.946,163.917,58.0,2,34.84404138910951,138.00877846855983
NORI_0234,新東名高速道路,島田金谷,森掛川,上下線共有,163.958,164.131,164.0445,173.0,5,34.844096968841015,138.00738931211913
NORI_0235,新東名高速道路,島田金谷,森掛川,上り線,163.97,164.05,164.01,80.0,6,34.84408192961955,138.00776520150896
NORI_0236,新東名高速道路,島田金谷,森掛川,下り線,164.133,164.593,164.363,460.0,2,34.844094515379325,138.0039203457083
NORI_0237,新東名高速道路,島田金谷,森掛川,下り線,164.298,164.616,164.457,318.0,3,34.84404182101525,138.00289697941994
NORI_0238,新東名高速道路,島田金谷,森掛川,上下線共有,164.526,164.595,164.5605,69.0,1,34.843983801156945,138.00177018781525
NORI_0239,新東名高速道路,島田金谷,森掛川,上り線,164.761,165.133,164.947,372.0,1,34.84338170945485,137.99762302241345
NORI_0240,新東名高速道路,島田金谷,森掛川,下り線,164.763,165.088,164.9255,325.0,1,34.8434287198563,137.997850445958
NORI_0241,新東名高速道路,島田金谷,森掛川,下り線,165.128,165.198,165.163,70.0,3,34.84284462315418,137.9953618854697
NORI_0242,新東名高速道路,島田金谷,森掛川,上り線,165.146,165.34,165.243,194.0,1,34.842608626454314,137.99453797484097
NORI_0243,新東名高速道路,島田金谷,森掛川,下り線,165.203,165.376,165.2895,173.0,3,34.84247145337252,137.99405907678803
NORI_0244,新東名高速道路,島田金谷,森掛川,上り線,165.316,165.34,165.328,24.0,1,34.84235787996071,137.99366256979795
NORI_0245,新東名高速道路,島田金谷,森掛川,上下線共有,165.403,165.538,165.47050000000002,135.0,1,34.841910966267314,137.9922085137607
NORI_0246,新東名高速道路,島田金谷,森掛川,下り線,165.438,165.739,165.5885,301.0,5,34.841445147412266,137.99105327154794
NORI_0247,新東名高速道路,島田金谷,森掛川,上下線共有,165.593,165.648,165.6205,55.0,1,34.84131882365496,137.99073998552413
NORI_0248,新東名高速道路,島田金谷,森掛川,上り線,165.667,165.75,165.70850000000002,83.0,4,34.84097143332237,137.9898784489587
NORI_0249,新東名高速道路,島田金谷,森掛川,上下線共有,166.452,166.592,166.522,140.0,5,34.83783415746394,137.98187897471362
NORI_0250,新東名高速道路,島田金谷,森掛川,下り線,166.597,166.643,166.62,46.0,1,34.837533278742576,137.98087487033493
NORI_0251,新東名高速道路,島田金谷,森掛川,下り線,166.63,166.981,166.8055,351.0,3,34.83696838606528,137.97897221964053
NORI_0252,新東名高速道路,島田金谷,森掛川,下り線,166.643,166.851,166.747,208.0,3,34.83714457516955,137.97957310337674
NORI_0253,新東名高速道路,島田金谷,森掛川,上下線共有,166.728,167.01,166.869,282.0,1,34.8367771380632,137.97831997832
NORI_0254,新東名高速道路,島田金谷,森掛川,上り線,166.81,166.907,166.8585,97.0,1,34.836808761748586,137.978427829247
NORI_0255,新東名高速道路,島田金谷,森掛川,上り線,166.94,167.034,166.987,94.0,1,34.83642174807509,137.9771079393307
NORI_0256,新東名高速道路,島田金谷,森掛川,下り線,167.108,167.3,167.204,192.0,1,34.83576819191051,137.9748790201724
NORI_0257,新東名高速道路,島田金谷,森掛川,下り線,167.238,167.333,167.2855,95.0,5,34.83552249584536,137.97404199849862
NORI_0258,新東名高速道路,島田金谷,森掛川,下り線,168.888,169.238,169.063,350.0,1,34.82979955119921,137.9559596680812
NORI_0259,新東名高速道路,島田金谷,森掛川,上り線,168.92,169.24,169.07999999999998,320.0,5,34.829737993306345,137.95579010342982
NORI_0260,新東名高速道路,島田金谷,森掛川,上り線,169.511,169.61,169.5605,99.0,1,34.8279925426506,137.9510004403575
NORI_0261,新東名高速道路,島田金谷,森掛川,上り線,169.763,169.873,169.81799999999998,110.0,1,34.82704992070476,137.94843762248505
NORI_0262,新東名高速道路,森掛川,浜松浜北,下り線,170.928,171.158,171.043,230.0,3,34.82342074989553,137.9356246727466
NORI_0263,新東名高速道路,森掛川,浜松浜北,上り線,170.945,171.057,171.00099999999998,112.0,1,34.82350915813569,137.9360841170728
NORI_0264,新東名高速道路,森掛川,浜松浜北,下り線,170.956,171.02,170.988,64.0,3,34.82353961078633,137.9362255157084
NORI_0265,新東名高速道路,森掛川,浜松浜北,上り線,171.165,171.207,171.18599999999998,42.0,1,34.82320012149251,137.93403928285608
NORI_0266,新東名高速道路,森掛川,浜松浜北,下り線,171.673,171.768,171.72050000000002,95.0,3,34.822623736559684,137.92807477141233
NORI_0267,新東名高速道路,森掛川,浜松浜北,下り線,173.255,173.89,173.5725,635.0,3,34.82471325714389,137.90754267659366
NORI_0268,新東名高速道路,森掛川,浜松浜北,上り線,173.258,173.89,173.574,632.0,4,34.82471744626216,137.9075265995351
NORI_0269,新東名高速道路,森掛川,浜松浜北,下り線,173.89,174.018,173.954,128.0,3,34.825915951750886,137.90351258664018
NORI_0270,新東名高速道路,森掛川,浜松浜北,上り線,173.89,173.97,173.93,80.0,2,34.82583304204309,137.90376286066495
NORI_0271,新東名高速道路,森掛川,浜松浜北,下り線,174.697,175.067,174.882,370.0,4,34.82854052951966,137.8936063128816
NORI_0272,新東名高速道路,森掛川,浜松浜北,上り線,174.768,174.988,174.878,220.0,7,34.82853325925446,137.89365041447417
NORI_0273,新東名高速道路,森掛川,浜松浜北,上り線,175.301,175.432,175.36649999999997,131.0,5,34.828998,137.88820164413843
NORI_0274,新東名高速道路,森掛川,浜松浜北,下り線,175.348,175.468,175.40800000000002,120.0,4,34.828998,137.88773495122143
NORI_0275,新東名高速道路,森掛川,浜松浜北,上り線,175.651,175.718,175.6845,67.0,2,34.82891387361299,137.88463145795228
NORI_0276,新東名高速道路,森掛川,浜松浜北,下り線,175.744,175.826,175.785,82.0,1,34.82878074007344,137.88351297435554
NORI_0277,新東名高速道路,森掛川,浜松浜北,上り線,175.775,175.901,175.83800000000002,126.0,2,34.828710530346115,137.88292312728464
NORI_0278,新東名高速道路,森掛川,浜松浜北,上り線,176.293,176.383,176.33800000000002,90.0,1,34.82765895274307,137.87745468666705
NORI_0279,新東名高速道路,森掛川,浜松浜北,下り線,176.407,176.429,176.418,22.0,1,34.827456111792515,137.87658965190525
NORI_0280,新東名高速道路,森掛川,浜松浜北,下り線,176.484,176.735,176.60950000000003,251.0,5,34.82693839723088,137.87453059900574
NORI_0281,新東名高速道路,森掛川,浜松浜北,上り線,176.544,176.818,176.681,274.0,7,34.826749966679444,137.8737600846714
NORI_0282,新東名高速道路,森掛川,浜松浜北,下り線,176.735,177.027,176.881,292.0,3,34.826255745094016,137.87159311310455
NORI_0283,新東名高速道路,森掛川,浜松浜北,上り線,176.818,177.19,177.00400000000002,372.0,6,34.825986221375004,137.87024998945176
NORI_0284,新東名高速道路,森掛川,浜松浜北,下り線,177.838,178.042,177.94,204.0,1,34.82516589238358,137.85981270297498
NORI_0285,新東名高速道路,森掛川,浜松浜北,上り線,177.956,178.03,177.993,74.0,1,34.8251829585489,137.85921726917596
NORI_0286,新東名高速道路,森掛川,浜松浜北,上り線,177.958,178.028,177.993,70.0,1,34.8251829585489,137.85921726917596
NORI_0287,新東名高速道路,森掛川,浜松浜北,上り線,178.03,178.27,178.15,240.0,1,34.825335168884116,137.85746154946355
NORI_0288,新東名高速道路,森掛川,浜松浜北,下り線,178.042,178.27,178.156,228.0,1,34.8253409858396,137.85739445189492
NORI_0289,新東名高速道路,森掛川,浜松浜北,上り線,178.11,178.39,178.25,280.0,5,34.82543211814222,137.85634325665308
NORI_0290,新東名高速道路,森掛川,浜松浜北,下り線,178.358,178.555,178.4565,197.0,2,34.82570201726233,137.85404898801372
NORI_0291,新東名高速道路,森掛川,浜松浜北,上り線,178.37,178.57,178.47,200.0,2,34.8257322145219,137.8539017020365
NORI_0292,新東名高速道路,森掛川,浜松浜北,下り線,178.555,178.898,178.7265,343.0,5,34.8263059624538,137.8511032684693
NORI_0293,新東名高速道路,森掛川,浜松浜北,上り線,178.57,178.853,178.7115,283.0,2,34.826272409943165,137.85126691955512
NORI_0294,新東名高速道路,森掛川,浜松浜北,上り線,178.59,178.84,178.715,250.0,5,34.82628023886231,137.85122873430177
NORI_0295,新東名高速道路,森掛川,浜松浜北,下り線,178.898,179.176,179.03699999999998,278.0,1,34.82722548485033,137.84780075054866
NORI_0296,新東名高速道路,森掛川,浜松浜北,上り線,179.053,179.235,179.144,182.0,4,34.827570931221175,137.8466734876462
NORI_0297,新東名高速道路,浜松浜北,浜松いなさＪＣＴ,下り線,185.103,185.266,185.1845,163.0,2,34.838928836490894,137.7835836037722
NORI_0298,新東名高速道路,浜松浜北,浜松いなさＪＣＴ,下り線,185.115,185.348,185.2315,233.0,4,34.83887397117806,137.7831016300204
NORI_0299,新東名高速道路,浜松浜北,浜松いなさＪＣＴ,下り線,185.479,185.51,185.49450000000002,31.0,3,34.83854387956695,137.78040876957579
NORI_0300,新東名高速道路,浜松浜北,浜松いなさＪＣＴ,上り線,185.488,185.518,185.503,30.0,2,34.838532782987386,137.78032181480896
NORI_0301,新東名高速道路,浜松浜北,浜松いなさＪＣＴ,上り線,185.537,185.952,185.74450000000002,415.0,4,34.83820855789522,137.77785301209624
NORI_0302,新東名高速道路,浜松浜北,浜松いなさＪＣＴ,下り線,185.539,185.912,185.7255,373.0,3,34.83823424490533,137.7780472103893
NORI_0303,新東名高速道路,浜松浜北,浜松いなさＪＣＴ,上り線,185.954,185.987,185.97050000000002,33.0,1,34.83793818065953,137.7755373078329
NORI_0304,新東名高速道路,浜松浜北,浜松いなさＪＣＴ,下り線,186.273,186.683,186.478,410.0,2,34.83767315122254,137.7702971893618
NORI_0305,新東名高速道路,浜松浜北,浜松いなさＪＣＴ,上り線,186.308,186.659,186.4835,351.0,3,34.83767707695223,137.77024045029984
NORI_0306,新東名高速道路,浜松浜北,浜松いなさＪＣＴ,上り線,186.766,187.15,186.958,384.0,3,34.838134064863986,137.76536529015635
NORI_0307,新東名高速道路,浜松浜北,浜松いなさＪＣＴ,下り線,186.815,187.15,186.98250000000002,335.0,2,34.83817338444905,137.76511621093226
NORI_0308,新東名高速道路,浜松浜北,浜松いなさＪＣＴ,下り線,187.15,187.603,187.37650000000002,453.0,3,34.83903375794164,137.76117981594544
NORI_0309,新東名高速道路,浜松浜北,浜松いなさＪＣＴ,上り線,187.15,187.603,187.37650000000002,453.0,3,34.83903375794164,137.76117981594544
NORI_0310,新東名高速道路,浜松浜北,浜松いなさＪＣＴ,下り線,187.785,188.217,188.001,432.0,4,34.840623677166256,137.7550115056423
NORI_0311,新東名高速道路,浜松浜北,浜松いなさＪＣＴ,上り線,187.837,188.677,188.257,840.0,1,34.84131172385547,137.75249727194478
NORI_0312,新東名高速道路,浜松浜北,浜松いなさＪＣＴ,下り線,188.217,189.947,189.082,1730.0,4,34.843527745805865,137.74439433359527
NORI_0313,新東名高速道路,浜松浜北,浜松いなさＪＣＴ,下り線,189.867,189.942,189.90449999999998,75.0,1,34.84570882423974,137.73630383932348
NORI_0314,新東名高速道路,浜松浜北,浜松いなさＪＣＴ,下り線,189.987,190.007,189.997,20.0,1,34.84595979051325,137.7353962443608
NORI_0315,新東名高速道路,浜松浜北,浜松いなさＪＣＴ,下り線,190.3,190.497,190.3985,197.0,4,34.84704567037051,137.73145534913868
NORI_0316,新東名高速道路,浜松浜北,浜松いなさＪＣＴ,上り線,190.302,190.451,190.3765,149.0,6,34.84698636585674,137.73167137046326
NORI_0317,新東名高速道路,浜松浜北,浜松いなさＪＣＴ,上下線共有,190.507,190.627,190.567,120.0,3,34.8474998890328,137.7298008221755
NORI_0318,新東名高速道路,浜松浜北,浜松いなさＪＣＴ,上り線,190.778,190.827,190.8025,49.0,1,34.848138593143155,137.72749002682755
NORI_0319,新東名高速道路,浜松浜北,浜松いなさＪＣＴ,上下線共有,191.062,191.087,191.0745,25.0,1,34.84890536126215,137.7248331931984
NORI_0320,新東名高速道路,浜松浜北,浜松いなさＪＣＴ,下り線,191.147,191.597,191.372,450.0,1,34.849734818903855,137.72192343372305
NORI_0321,新東名高速道路,浜松浜北,浜松いなさＪＣＴ,上り線,191.356,191.615,191.4855,259.0,1,34.8500396893653,137.7208084788926
NORI_0322,新東名高速道路,浜松浜北,浜松いなさＪＣＴ,下り線,191.597,191.957,191.777,360.0,3,34.850823475792126,137.71794528161183
NORI_0323,新東名高速道路,浜松浜北,浜松いなさＪＣＴ,上り線,191.615,191.838,191.7265,223.0,2,34.850687035455266,137.71844104176358
NORI_0324,新東名高速道路,浜松浜北,浜松いなさＪＣＴ,上り線,191.838,192.067,191.9525,229.0,3,34.85130256349006,137.71622438559763
NORI_0325,新東名高速道路,浜松浜北,浜松いなさＪＣＴ,下り線,191.87,191.946,191.90800000000002,76.0,1,34.851181085412804,137.71666073814822
NORI_0326,新東名高速道路,浜松浜北,浜松いなさＪＣＴ,上下線共有,192.028,192.107,192.0675,79.0,4,34.85161649559982,137.71509673293872
NORI_0327,新東名高速道路,浜松浜北,浜松いなさＪＣＴ,上下線共有,195.241,195.296,195.26850000000002,55.0,2,34.862027752747,137.68461231602913
NORI_0328,新東名高速道路,浜松浜北,浜松いなさＪＣＴ,上り線,195.218,195.262,195.24,44.0,2,34.86189939388144,137.68486258722348
NORI_0329,新東名高速道路,浜松浜北,浜松いなさＪＣＴ,下り線,195.241,195.258,195.2495,17.0,2,34.861942180169954,137.68477916349204
NORI_0330,新東名高速道路,浜松浜北,浜松いなさＪＣＴ,上下線共有,195.287,195.407,195.347,120.0,2,34.862381302604774,137.68392297256403
NORI_0331,新東名高速道路,浜松浜北,浜松いなさＪＣＴ,上り線,195.254,195.365,195.3095,111.0,3,34.86221240936061,137.68425227676713
NORI_0332,新東名高速道路,浜松浜北,浜松いなさＪＣＴ,上り線,195.265,195.441,195.353,176.0,3,34.86240832552384,137.68387028389157
NORI_0333,新東名高速道路,浜松浜北,浜松いなさＪＣＴ,下り線,195.383,195.437,195.41000000000003,54.0,3,34.8626784133,137.68338077597474
NORI_0334,新東名高速道路,浜松浜北,浜松いなさＪＣＴ,下り線,195.432,195.49,195.461,58.0,2,34.86293457264018,137.68295476377745
NORI_0335,新東名高速道路,浜松浜北,浜松いなさＪＣＴ,上り線,195.471,195.571,195.52100000000002,100.0,1,34.863235936569794,137.68245357295706
NORI_0336,新東名高速道路,浜松浜北,浜松いなさＪＣＴ,上下線共有,195.504,195.522,195.51299999999998,18.0,1,34.863195754712514,137.6825203983998
NORI_0337,新東名高速道路,浜松浜北,浜松いなさＪＣＴ,上下線共有,195.527,195.717,195.622,190.0,1,34.86374323251798,137.68160990174277
NORI_0338,新東名高速道路,浜松浜北,浜松いなさＪＣＴ,上り線,195.606,195.641,195.62349999999998,35.0,1,34.86375076661623,137.68159737197226
NORI_0339,新東名高速道路,浜松浜北,浜松いなさＪＣＴ,上下線共有,195.717,195.776,195.74650000000003,59.0,3,34.86436856267194,137.6805699307905
NORI_0340,新東名高速道路,浜松浜北,浜松いなさＪＣＴ,下り線,195.787,195.871,195.829,84.0,4,34.864782938075166,137.6798807934125
NORI_0341,新東名高速道路,浜松浜北,浜松いなさＪＣＴ,下り線,196.309,196.439,196.374,130.0,1,34.86781571147612,137.67561703653124
NORI_0342,新東名高速道路,浜松浜北,浜松いなさＪＣＴ,下り線,196.44,196.481,196.4605,41.0,5,34.86830422215112,137.6749478091372
NORI_0343,新東名高速道路,浜松浜北,浜松いなさＪＣＴ,上下線共有,197.2,197.254,197.22699999999998,54.0,2,34.87304042289822,137.6695104208607
NORI_0344,新東名高速道路,浜松浜北,浜松いなさＪＣＴ,下り線,197.252,197.277,197.2645,25.0,1,34.87328106387101,137.66925582766794
NORI_0345,新東名高速道路,浜松浜北,浜松いなさＪＣＴ,上下線共有,197.219,197.271,197.245,52.0,1,34.873155876194275,137.66938814137865
NORI_0346,新東名高速道路,浜松浜北,浜松いなさＪＣＴ,上下線共有,197.365,197.517,197.441,152.0,1,34.87441455751146,137.66805874779888
NORI_0347,新東名高速道路,浜松浜北,浜松いなさＪＣＴ,上り線,197.371,197.467,197.419,96.0,5,34.87427327218517,137.66820795888736
NORI_0348,新東名高速道路,浜松浜北,浜松いなさＪＣＴ,上り線,197.784,197.824,197.804,40.0,1,34.876799612818175,137.66568029456133
NORI_0349,新東名高速道路,浜松浜北,浜松いなさＪＣＴ,上下線共有,197.816,197.835,197.8255,19.0,2,34.87694852893439,137.6655512927874
NORI_0350,新東名高速道路,浜松いなさＪＣＴ,新城,上下線無関係,199.408,199.658,199.533,250.0,3,34.887662511903784,137.65169166524873
NORI_0351,新東名高速道路,浜松いなさＪＣＴ,新城,上下線無関係,199.425,199.481,199.453,56.0,3,34.88725494822189,137.65251336631115
NORI_0352,新東名高速道路,浜松いなさＪＣＴ,新城,上下線無関係,199.589,199.658,199.62349999999998,69.0,2,34.88808801826987,137.65073802213536
NORI_0353,新東名高速道路,浜松いなさＪＣＴ,新城,下り線,201.764,201.809,201.7865,0,1,34.89613449882156,137.62685413428244
NORI_0354,新東名高速道路,浜松いなさＪＣＴ,新城,上下線無関係,199.707,199.815,199.761,108.0,6,34.88868971555656,137.64926015361928
NORI_0355,新東名高速道路,浜松いなさＪＣＴ,新城,上り線,199.74,199.957,199.8485,217.0,1,34.88902195772438,137.64829111392783
NORI_0356,新東名高速道路,浜松いなさＪＣＴ,新城,下り線,199.83,200.02,199.925,190.0,3,34.889312432305395,137.64744389636903
NORI_0357,新東名高速道路,浜松いなさＪＣＴ,新城,上り線,199.838,199.957,199.89749999999998,119.0,4,34.88920801333837,137.6477484517006
NORI_0358,新東名高速道路,浜松いなさＪＣＴ,新城,下り線,199.88,200.057,199.9685,177.0,1,34.88946483503868,137.64695628281908
NORI_0359,新東名高速道路,浜松いなさＪＣＴ,新城,下り線,200.057,200.117,200.087,60.0,9,34.8898364832851,137.64560797687636
NORI_0360,新東名高速道路,浜松いなさＪＣＴ,新城,上り線,199.957,200.117,200.03699999999998,160.0,5,34.88967966967902,137.64617688233744
NORI_0361,新東名高速道路,浜松いなさＪＣＴ,新城,下り線,200.117,200.398,200.2575,281.0,9,34.890342268228636,137.64365685572486
NORI_0362,新東名高速道路,浜松いなさＪＣＴ,新城,上り線,200.117,200.258,200.1875,141.0,11,34.890146760878295,137.64446258220667
NORI_0363,新東名高速道路,浜松いなさＪＣＴ,新城,上り線,200.283,200.423,200.353,140.0,2,34.890608996113755,137.64255761459606
NORI_0364,新東名高速道路,浜松いなさＪＣＴ,新城,下り線,200.458,200.523,200.4905,65.0,5,34.89098431132049,137.64097182526805
NORI_0365,新東名高速道路,浜松いなさＪＣＴ,新城,上り線,200.488,200.513,200.5005,25.0,1,34.89101153957331,137.64085647107143
NORI_0366,新東名高速道路,浜松いなさＪＣＴ,新城,下り線,200.553,200.623,200.588,70.0,3,34.89124978678554,137.6398471218509
NORI_0367,新東名高速道路,浜松いなさＪＣＴ,新城,上り線,201.243,201.303,201.273,60.0,2,34.893523308889165,137.6321199984461
NORI_0368,新東名高速道路,浜松いなさＪＣＴ,新城,上り線,201.383,201.443,201.413,60.0,3,34.89415036123458,137.63062369979593
NORI_0369,新東名高速道路,浜松いなさＪＣＴ,新城,上り線,201.548,201.713,201.63049999999998,165.0,10,34.895254960537414,137.6283891069525
NORI_0370,新東名高速道路,浜松いなさＪＣＴ,新城,下り線,201.703,201.763,201.733,60.0,1,34.89582929593962,137.62737736359543
NORI_0371,新東名高速道路,浜松いなさＪＣＴ,新城,下り線,201.738,201.763,201.7505,25.0,1,34.89592730677187,137.627204587281
NORI_0372,新東名高速道路,浜松いなさＪＣＴ,新城,下り線,201.983,202.043,202.013,60.0,4,34.897526757563895,137.6247305922605
NORI_0373,新東名高速道路,浜松いなさＪＣＴ,新城,上り線,202.003,202.063,202.033,60.0,4,34.89765685426297,137.62455036074653
NORI_0374,新東名高速道路,浜松いなさＪＣＴ,新城,下り線,202.123,202.183,202.153,60.0,3,34.89843743445743,137.62346897166276
NORI_0375,新東名高速道路,浜松いなさＪＣＴ,新城,上り線,202.123,202.183,202.153,60.0,4,34.89843743445743,137.62346897166276
NORI_0376,新東名高速道路,浜松いなさＪＣＴ,新城,下り線,202.483,202.523,202.503,40.0,1,34.90075353017544,137.62035809037894
NORI_0377,新東名高速道路,浜松いなさＪＣＴ,新城,上り線,202.448,202.533,202.4905,85.0,9,34.900670223853034,137.62046854839554
NORI_0378,新東名高速道路,浜松いなさＪＣＴ,新城,下り線,202.533,202.538,202.5355,5.0,1,34.9009701266137,137.62007089953582
NORI_0379,新東名高速道路,浜松いなさＪＣＴ,新城,下り線,202.638,202.743,202.6905,105.0,4,34.9020171058526,137.6187171747692
NORI_0380,新東名高速道路,浜松いなさＪＣＴ,新城,上り線,202.553,202.723,202.638,170.0,9,34.9016601160613,137.61917299237535
NORI_0381,新東名高速道路,浜松いなさＪＣＴ,新城,下り線,202.773,202.883,202.828,110.0,4,34.90295551859069,137.6175274366361
NORI_0382,新東名高速道路,浜松いなさＪＣＴ,新城,上り線,202.723,202.843,202.78300000000002,120.0,5,34.90264608786584,137.61791406755836
NORI_0383,新東名高速道路,浜松いなさＪＣＴ,新城,下り線,203.048,203.223,203.1355,175.0,4,34.905073770849,137.6148899866996
NORI_0384,新東名高速道路,浜松いなさＪＣＴ,新城,上り線,203.033,203.193,203.113,160.0,7,34.90492141546507,137.6150860877446
NORI_0385,新東名高速道路,浜松いなさＪＣＴ,新城,上り線,203.193,203.298,203.2455,105.0,4,34.9058186193927,137.61393127047964
NORI_0386,新東名高速道路,浜松いなさＪＣＴ,新城,下り線,204.068,204.208,204.138,140.0,3,34.9107327702445,137.6051063817998
NORI_0387,新東名高速道路,浜松いなさＪＣＴ,新城,上り線,204.058,204.173,204.1155,115.0,2,34.91063587730715,137.6053493163618
NORI_0388,新東名高速道路,浜松いなさＪＣＴ,新城,下り線,206.833,206.918,206.8755,85.0,7,34.91741821735349,137.57335186933508
NORI_0389,新東名高速道路,浜松いなさＪＣＴ,新城,下り線,207.568,207.673,207.6205,105.0,5,34.91891462442758,137.56459454268955
NORI_0390,新東名高速道路,浜松いなさＪＣＴ,新城,下り線,207.703,207.953,207.828,250.0,6,34.919373566670494,137.5621668499976
NORI_0391,新東名高速道路,浜松いなさＪＣＴ,新城,下り線,209.403,209.613,209.50799999999998,210.0,2,34.92469157120718,137.54310294631526
NORI_0392,新東名高速道路,浜松いなさＪＣＴ,新城,上り線,209.403,209.603,209.503,200.0,4,34.9246816809415,137.54316176444013
NORI_0393,新東名高速道路,浜松いなさＪＣＴ,新城,下り線,209.633,209.833,209.733,200.0,1,34.92509216951366,137.54044566749573
NORI_0394,新東名高速道路,浜松いなさＪＣＴ,新城,下り線,209.833,209.943,209.888,110.0,1,34.925370944753574,137.53861566110604
